MATERIAL ,DESCRIPTION ,COLORS (OPTIONAL),FORMAT / STYLE ,LINK ,VENDOR 
MARBLE ,ROSE BRASS MOSIAC TILE ,,,https://www.tileclub.com/products/black-rose-brass-and-marble-waterjet-mosaic-tile,TILE CLUB 
CERAMIC ,ROWENA IMPASTO CREAM MURAL ,,,https://www.tileclub.com/products/rowena-impasto-cream-mural-ceramic-tile18x48,TILE CLUB 
PORCELIN ,KASAI MAPLE SAKURA ,,,https://www.tileclub.com/products/kasai-maple-sakura-10x60-rectified-porcelain-tile,TILE CLUB 
CERAMIC ,BRIO SAGE DOT 3D ,ALL COLORS,,https://www.tileclub.com/products/brio-sage-dot-3d-ceramic-subway-tile,TILE CLUB 
PORCELIN ,BOLDARA MARBEL ,VERDE / ROSSO / BLUE ,,https://www.tileclub.com/products/boldara-verde-marble-look-porcelain-tile-24x48,TILE CLUB 
CERAMIC ,BALDWIN GREEN TEXTURED KIT KAT ,ALL COLORS,,https://www.tileclub.com/products/baldwin-green-kit-kat-ceramic-tile,TILE CLUB 
MARBLE ,PICTORIA ECLIPSE ROSE ,ALL COLORS,,https://www.tileclub.com/products/pictoria-eclipse-rose-waterjet-mosaic-tile,TILE CLUB 
PORCELIN ,STRUKTURA DIMESIONAL ,ALL COLORS,,https://www.tileclub.com/products/struktura-blue-dimensional-porcelain-tile,TILE CLUB 
PORCELIN ,KYOTO IMPASTO MURAL ,,,https://www.tileclub.com/products/kyoto-impasto-mural-wall-tile,TILE CLUB 
CERAMIC ,CAYO SKY CRACKLE ,ALL COLORS,,https://www.tileclub.com/products/cayo-sky-crackle-ceramic-subway-tile,TILE CLUB 
PORCELIN ,MARAMATTO ,ALL COLORS,,https://www.tileclub.com/products/marmatto-green-porcelain-subway-tile-3x24,TILE CLUB 
CERAMIC ,GRAZIOSO ORBIT ,ALL COLORS,,https://www.tileclub.com/products/grazioso-white-orbit-ceramic-tile-16x48,TILE CLUB 
PORCELIN ,EMPORIO JADE CRYSTAL-LOOK ,ALL COLORS,,https://www.tileclub.com/products/emporio-jade-crystal-look-porcelain-tile-crosscut-24x48,TILE CLUB 
PORCELIN ,LUMINOSA MATTE ,ALL COLORS,,https://www.tileclub.com/products/luminosa-sunset-matte-large-format-porcelain-tile-24x48,TILE CLUB 
CERAMIC ,GRAZIOSO GINGKO ,ALL COLORS,,https://www.tileclub.com/products/grazioso-gingko-ceramic-tile,TILE CLUB 
CERAMIC ,GRAZIOSO ETHEREAL ,,,https://www.tileclub.com/products/grazioso-ethereal-ceramic-tile,TILE CLUB 
PORCELIN ,SAN CLEMENTE DOTS ,ALL COLORS,,https://www.tileclub.com/products/san-clemente-coffee-dots-8-78-x-8-78-porcelain-tile,TILE CLUB 
PORCELIN ,CIRCUIT FUTURISTIC ,ALL COLORS,,https://www.tileclub.com/products/circuit-oxido-futuristic-porcelain-tile,TILE CLUB 
PORCELIN ,SAN CLEMENTE STAR ,ALL COLORS,,https://www.tileclub.com/products/san-clemente-white-star-8-78-x-8-78-porcelain-tile,TILE CLUB 
PORCELIN ,SULTANA  MEASH SIENNA ,ALL COLORS,,https://www.tileclub.com/products/sultana-mesh-sienna-porcelain-tile-13x13,TILE CLUB 
PORCELIN ,EMPORIO QUARTZ 2X2,ALL COLORS,,https://www.tileclub.com/products/emporio-quartz-blue-2x2-porcelain-mosaic,TILE CLUB 
CERAMIC ,GRAZIOSO ASTER ,,,https://www.tileclub.com/products/grazioso-aster-minimalist-white-porcelain-square-tile,TILE CLUB 
CERAMIC ,MOLTEN BRICK ,ALL COLORS,,https://www.tileclub.com/products/molten-gold-brick-ceramic-subway-tile,TILE CLUB 
CERAMIC ,PLUME FEATHER ,ALL COLORS,,https://www.tileclub.com/products/plume-cream-feather-ceramic-tile,TILE CLUB 
MARBLE ,ENVY GREEN AND THASSOS ,,,https://www.tileclub.com/products/envy-green-and-thassos-waterfall-marble-mosaic-tile,TILE CLUB 
MARBLE ,ENVY TRINITY ,,,https://www.tileclub.com/products/envy-trinity-green-marble-geometric-mosaic-tile,TILE CLUB 
NATURAL STONE ,CORAZZA ,,,https://www.tileclub.com/products/corazza-white-sand-shell-and-terrazzo-subway-tile,TILE CLUB 
MARBLE ,ENVY CHEVRON ,,,https://www.tileclub.com/products/envy-chevron-pearl-green-marble-and-shell-tile,TILE CLUB 
NATURAL STONE ,PRISM PEARL BEVELED DIAMOND ,,,https://www.tileclub.com/products/prism-pearl-beveled-diamond-glass-mosaic-tile,TILE CLUB 
GLASS,ILLUMINE SILVER DUST MERMAID SCALE ,,,https://www.tileclub.com/products/illumin-silver-dust-mermaid-scale,TILE CLUB 
MARBLE ,ENVY MARBLE AND SHELL MINI SCALE ,GREEN / ROSE / WOODEN / ,,,TILE CLUB 
NATURAL STONE ,CORAZZA WHITE SAND SHELL AND TERRAZZO HEXAGON TILE ,BLACK / SAND / TROPICAL ,,https://www.tileclub.com/products/corazza-white-sand-shell-and-terrazzo-hexagon-tile,TILE CLUB 
CERAMIC ,GRAZIOSO LIGHT CONCRETE DECO ,,,https://www.tileclub.com/products/grazioso-light-concrete-deco-ceramic-tile,TILE CLUB 
PORCELIN ,FORMIDUS DECO SQUARE ,SAND / EVERGREEN / SAGE / TAUPE ,,https://www.tileclub.com/products/formidus-sand-deco-square-8x8-porcelain-tile,TILE CLUB 
PORCELIN ,JAPANDI SKINNY SLAT WOOD-LOOK LIKE ,WHITE / NATURAL / HONEY ,,https://www.tileclub.com/products/japandi-skinny-slat-white-wood-look-tile,TILE CLUB 
PORCELIN ,URSA SQUARED ,TURQUOISE / BLACK / BLUE / NAVY / TERRACOTA / WHITE,,https://www.tileclub.com/products/ursa-turquoise-square-7-87x7-87-porcelain-tile,TILE CLUB 
PORCELIN ,SULTANA STELLA ,TERACOTTA / CREMA ,,https://www.tileclub.com/products/sultana-stella-terra-cotta-porcelain-tile-18x18,TILE CLUB 
MARBLE ,ENVY OCTAGON AND THASSOS ,GREEN / CREMA / MULTICOLOR / PASTELLO ,,https://www.tileclub.com/products/envy-green-octagon-and-thassos-square-marble-mosaic-tile,TILE CLUB 
GLASS,ILLUMINE SILVER DUST PENNY ROUND ,,,https://www.tileclub.com/products/illumine-silver-dust-penny-round,TILE CLUB 
NATURAL STONE ,SALMA STAINED GLASS ,MOSS / CALACATTA GOLD ,,https://www.tileclub.com/products/salma-moss-stained-glass-and-dolomite-mosaic-tile,TILE CLUB 
NATURAL STONE ,SANTORINI  SPOKE ,BEIGE / BLUE ,,https://www.tileclub.com/products/santorini-beige-spoke-hexagon-marble-mosaic-tile,TILE CLUB 
MARBLE ,SANTORINI SWIRLED PETALS ,CALACATTA GOLD / NERO BLACK ,,https://www.tileclub.com/products/santorini-calacatta-gold-swirled-petals-marble-mosaic-tile,TILE CLUB 
MARBLE ,SANTORINI PETALS ,GREEN & WHITE / BLACK & WHITE / BLUE & WHITE ,,https://www.tileclub.com/products/santorini-green-white-petals-marble-mosaic-tile,TILE CLUB 
MARBLE ,SANTINI WAVE ,BEIGE & WHITE / BLUE & WHITE ,,https://www.tileclub.com/products/santorini-beige-white-wave-marble-mosaic-tile,TILE CLUB 
MARBLE ,GEOMETRIA ECLIPSE MOON ,,,https://www.tileclub.com/products/geometria-marble-eclipse-moon-mosaic-tile,TILE CLUB 
MARBLE ,GEOMETRIA STAR,,,https://www.tileclub.com/products/geometria-marble-star-mosaic-tile,TILE CLUB 
PORCELIN ,EMPORIO NATUR AL MOSAIC TILE ,MATARAZZO / EARTH WHITE / GRAPHAITE / GRIGIO ,,https://www.tileclub.com/products/emporio-matarazzo-natural-mosaic,TILE CLUB 
PORCELIN ,ORENDA ,DAWN ,,https://www.tileclub.com/products/orenda-dawn-24x48,TILE CLUB 
CERAMIC ,GRAZIOSO CONCRETE FLOWER ,,,https://www.tileclub.com/products/grazioso-concrete-flower-ceramic-tile-12x36,TILE CLUB 
MARBLE ,PANORAMA TRIANGLE MOSAIC ,WHITE ,,https://www.tileclub.com/products/panorama-white-marbled-triangle-mosaic,TILE CLUB 
CERAMIC ,GRAZIOSO MONUMENT 3D,WHITE ,,https://www.tileclub.com/products/grazioso-monument-white-3d-ceramic-tile,TILE CLUB 
CERAMIC ,PANORAMA MARBELD ,GRAY ,,https://www.tileclub.com/products/panorama-gray-marbled-ceramic-tile-16x48,TILE CLUB 
CERAMIC ,PANORAMA MARBLED COLUMN ,GOLD ,,https://www.tileclub.com/products/panorama-gold-marbled-column-ceramic-tile-16x48,TILE CLUB 
CERAMIC ,LUNA 2.5X8,WHITE / BLUE / CELADON / OLIVE / SKY ,,https://www.tileclub.com/products/luna-white-2-5x8,TILE CLUB 
CERAMIC ,LUNA 4X4,RED / BLACK / BLUE / CARAMEL / CELADON / OLIVE / PINK / SKY ,,https://www.tileclub.com/products/luna-red-4x4,TILE CLUB 
CERAMIC ,LUNA ARC ,WHITE / BLACK / BLUE / CLEADON / OLIVE / PINK / RED / SKY ,,https://www.tileclub.com/products/luna-arc-white-4x4,TILE CLUB 
PORCELIN ,BOLDARA ,VERDE / ROSSO / BLUE ,"2""X2""",https://www.tileclub.com/products/boldara-verde-2x2-porcelain-mosaic-tile,TILE CLUB 
MARBLE ,PASTELLO DIAMOND AND DASH MOASIC ,,,https://www.tileclub.com/products/pastello-diamond-and-dash-marble-mosaic-tile,TILE CLUB 
MARBLE ,CALACATTA MONET PETITE LANTERN MOSAIC ,,,https://www.tileclub.com/products/calacatta-monet-petite-lantern-marble-mosaic-tile,TILE CLUB 
MARBLE ,GEOMETRIA STARS,GEOMETRIA NEUTRAL / GEOMETRIA MULTICOLOR / BLACK AND WHITE / MULTICOLOR ,"11.4"" X 11.4""",https://www.tileclub.com/products/multicolor-stars-and-marble-mosaic-tile#product-info-accordion,TILE CLUB 
MARBLE ,OCTAGON AND SQUARE MOSAIC,PASTELLO MULTICOLOR OCTAGON AND THASSOS SQUARE,"12.2"" X 12.2""",https://www.tileclub.com/products/pastello-multicolor-octagon-and-thassos-square-marble-mosaic-tile,TILE CLUB 
PORCELIN ,FARMHOUSE LIVING ,ALBASTER // PEWTER ,"12""X24"" ",https://www.bedrosians.com/en/product/detail/?itemNo=100008055&queryid=edda6046301b3062920054c74c69a2e8,BEDROSIAN 
MARBLE ,MONET MOSAIC,NERO MARQUINA // ORINTAL WHITE // WHITE CARRARA ,,https://www.bedrosians.com/en/product/detail/monet-mosaic/?itemNo=100001393&queryid=6f9d6424af25561ad15e7e1546eb0837,BEDROSIAN 
MARBLE ,MONET CROSS AND STAR,WHITE CARRARA / NERO MARQUINA ,,https://www.bedrosians.com/en/product/detail/monet-mosaic/?itemNo=100001417&queryid=6f9d6424af25561ad15e7e1546eb0837,BEDROSIAN 
MARBLE ,MONET TRIANGLE ,WHITE CARRARA / NERO MARQUINA ,,https://www.bedrosians.com/en/product/detail/monet-mosaic/?itemNo=100001409&queryid=6f9d6424af25561ad15e7e1546eb0837,BEDROSIAN 
MARBLE ,BLOMMA ,WHITE CARRARA / NERO MARQUINA ,,https://www.bedrosians.com/en/product/detail/blomma-mosaic/?itemNo=DECBLONER1212MO&queryid=6f9d6424af25561ad15e7e1546eb0837,BEDROSIAN 
ZELLIGE ,ZAGORA,VERT GRIS // ROUGE // VERT MOUSSE // MAROON // CHARCOAL ," 2""X6""",https://www.bedrosians.com/en/product/detail/zagora-tile/?itemNo=100003208&queryid=18bb3dd5baef82b0d07b19dd2bcb8371,BEDROSIAN 
CERAMIC ,CHLOE GLOSSY ,GREEN // BLUE // GREY ,"5""X5",https://www.bedrosians.com/en/product/detail/cloe-tile/?itemNo=DECCLOGRN55G&queryid=18bb3dd5baef82b0d07b19dd2bcb8371 ,BEDROSIAN 
CERAMIC ,MARIN ,ALO GREEN // COSTAL CLIFF // MIDNIGHT TIDE // MISTY BLUE // OCEAN TEAL ,"2.5""X10""",https://www.bedrosians.com/en/product/detail/marin-tile/?itemNo=100003175&queryid=56e80da849221a6a6213912f2de6790e,BEDROSIAN 
MARBLE ,JUMBO BASKETWEAVE ,BEIGE // BARDIGLIO // SAHARA NOIR AND BEIGE DOT ABSOLUTE BLACK DOT  ,,https://www.bedrosians.com/en/product/detail/?itemNo=100007366&queryid=9b11068cf06976e267ace9ce9b32d47f,BEDROSIAN 
PORCELIN ,SINI,GREEN // BLUE // TERRRA // BEIGE ,,https://www.bedrosians.com/en/product/detail/sinai/?itemNo=100008993&queryid=b44d7344e5725180a182022382e08044,BEDROSIAN 
MARBLE ,MINI BRICK MOSAIC ,WHITE CARRARA / NERO MARQUINA ,,https://www.bedrosians.com/en/product/detail/monet-mosaic/?itemNo=100001418&queryid=4bf8e73dd4170c44a4099de5180d6111,BEDROSIAN 
MARBLE ,JUMBO BASKETWEAVE ,"SAHARA NOIR WITH BEIGE DOT, PIETRA GREY WITH THASSOS DOT, GLORIOUS BLUE WITH THASSOS DOT","11.25"" x 11.25"" SHEET",https://www.bedrosians.com/en/product/detail/?itemNo=100007363&queryid=9d02b72d7d3fdd18069b016ab67ae50d,BEDROSIAN 
CERAMIC ,LOS LUNAS ,GREEN ,"4""X12""",https://www.tilebar.com/product/los-lunas-green-4x12-ceramic-tile.html,TILE BAR 
NATURAL STONE ,NATURE STACKED ,ALORR BLACK // LAVA BLACK // SUMATRA // LOMBOK ,,https://www.tilebar.com/product/nature-lava-black-stacked-pebble-mosaic.html?_gl=1*lmm366*_up*MQ..*_gs*MQ..&gclid=CjwKCAjwyabTBhBFEiwAM3mNUL0pnlsdskWmaZ81Hpu93iioPN6GnTnwKQA2O8dwdXoo6UxtECtdXRoCcp8QAvD_BwE&gbraid=0AAAAADn082xXOusdcZrZzb_AbAKqyMnwl,TILE BAR 
PORCELIN ,KINRO ,GARDEN GREEN // GOLDEN // RIVER // SNOW WHITE ,,https://www.tilebar.com/product/kinro-garden-green-6x6-metallic-look-matte-porcelain-tile.html?_gl=1*rdjzib*_up*MQ..*_gs*MQ..&gclid=CjwKCAjwyabTBhBFEiwAM3mNUL0pnlsdskWmaZ81Hpu93iioPN6GnTnwKQA2O8dwdXoo6UxtECtdXRoCcp8QAvD_BwE&gbraid=0AAAAADn082xXOusdcZrZzb_AbAKqyMnwl,TILE BAR 
CERAMIC ,COLORPLAY INFLEX ,EMERALD GREEN // BHLUE ,,https://www.tilebar.com/product/colorplay-inflex-emerald-green-4-5x18-3d-glossy-crackled-ceramic-tile.html,TILE BAR 
MARBLE ,OKEANOS ,BLACK JADE // CREAM TAVERNTINE // WHITE THASSOS ,,https://www.tilebar.com/product/okeanos-carved-silver-travertine-16x16-3d-honed-tile.html,TILE BAR 
NATURAL STONE ,STRETTO CARVED ,CREAM TRAVERTINE // THASSOS ,,https://www.tilebar.com/product/stretto-carved-cream-travertine-16x16-vein-cut-unfilled-honed-tile.html?_gl=1*1wjuqza*_up*MQ..&gclid=CjwKCAjw7KvTBhA6EiwAWnutYdXiwVlac1WvFzJd_JN9Wx-wl3U5V_fQ_poAztSBowoMpmXeD5HA3BoCCy4QAvD_BwE&gbraid=0AAAAADn082zMbP3SwiF20OvilaZkMD2ku,TILE BAR 
NATURAL STONE ,TREVINO ,BLACK // BEIGE // WHITE ,,https://www.tilebar.com/product/trevino-carved-black-4x4-3d-honed-basalt-stone-tile.html,TILE BAR 
NATURAL STONE ,RAKESTONE (SPLIT),BIANCO ICE // NOIR BLACK // PORTO BEIGE // WOODEN BEIGE ,,https://www.tilebar.com/product/rakestone-carved-split-bianco-ice-white-12x24-textured-honed-marble-tile.html,TILE BAR 
NATURAL STONE ,BANSU CARVED ,BLACK JADE // CREMA BOTTICINO // WHITE THASSOS ,,https://www.tilebar.com/product/bansu-carved-black-jade-16x16-honed-marble-tile.html,TILE BAR 
MARBLE ,TIA VERDE GREEN ,"1"" HEX // 1"" X 3"" HERRINGBONE // 2""X2"" // PENNY ",,,TILE BAR 
MARBLE ,TUNDRA ,"CHISELED // 12""X24"" HONED // 1""X1"" MESH // 1"" HONED HEXAGON ",,https://www.tilebar.com/product/tundra-gray-1-honed-hexagon-limestone-mosaic.html,TILE BAR 
MARBLE ,ALTERNO CHECKERD ,"BLACK SILK & LILAC // BLACK SILK & ROSSO LEVANTO // 
CREMA ELLA BEIGE & GLACIER WHITE // LILAC & ROSSO LEVANTO ",,https://www.tilebar.com/product/alterno-lilac-and-rosso-levanto-12x12-polished-marble-checkerboard-tile.html,TILE BAR 
MARBLE ,PRIMROSE MARBEL ,BIANCO GRIGIO ,MOSIAC ,https://www.tilebar.com/product/primrose-bianco-grigio-marble-tile.html?_gl=1*1a81eb1*_up*MQ..&gclid=CjwKCAjw7KvTBhA6EiwAWnutYdXiwVlac1WvFzJd_JN9Wx-wl3U5V_fQ_poAztSBowoMpmXeD5HA3BoCCy4QAvD_BwE&gbraid=0AAAAADn082zMbP3SwiF20OvilaZkMD2ku,TILE BAR 
MARBLE ,ALARIS LOVINA ,BELLINI // LILAC // ROSSO LEVANTO // VERDE // ,,https://www.tilebar.com/product/alaris-lovina-gray-8-octagon-with-bellini-dot-tumbled-marble-tile.html?_gl=1*kchvgz*_up*MQ..&gclid=CjwKCAjw7KvTBhA6EiwAWnutYdXiwVlac1WvFzJd_JN9Wx-wl3U5V_fQ_poAztSBowoMpmXeD5HA3BoCCy4QAvD_BwE&gbraid=0AAAAADn082zMbP3SwiF20OvilaZkMD2ku,TILE BAR 
NATURAL STONE ,THALIA 3D CARVED ROSETTE ,BLUE GRAY // CHARCOAL ,ROSETTE // WAVE ,https://www.tilebar.com/product/thalia-carved-stone-rosette-petra-nero-18x18-honed-limestone-tile.html,TILE BAR 
MARBLE ,NORDIC ,GRAY ,"12""X12"" // 12""X24""",https://www.tilebar.com/product/nordic-gray-2-5x10-satin-marble-tile.html,TILE BAR 
MARBLE ,AVANTI ,VERDE GREEN // WHITE // CREMA MERFIL ,"MOSAIC // 12"" X 12""",https://www.tilebar.com/product/avanti-verde-green-hand-clipped-joint-honed-marble-mosaic-mosaic-tile.html?_gl=1*1ob6a5k*_up*MQ..&gclid=CjwKCAjw7KvTBhA6EiwAWnutYdXiwVlac1WvFzJd_JN9Wx-wl3U5V_fQ_poAztSBowoMpmXeD5HA3BoCCy4QAvD_BwE&gbraid=0AAAAADn082zMbP3SwiF20OvilaZkMD2ku,TILE BAR 
MARBLE ,AKO,"AZUL BLUE // GRIGIO // SAINT LAURENT BROWN //
 TERRACOTTA ROSA // VERDE GREEN ","4""X9"" ",https://www.tilebar.com/product/ako-verde-green-4x9-rectangle-marble-micro-mosaic-tile.html,TILE BAR 
MARBLE ,CALYUPSO 3D CARVED ,BEIGE // BLACK // WHITE ,"8""X16""",https://www.tilebar.com/product/calypso-3d-carved-crema-marfil-beige-with-brass-inlay-8x16-honed-marble-tile.html,TILE BAR 
MARBLE ,SUNSET MAGIA ,DOLOMITE ,"24""X24""",https://www.tilebar.com/product/sunset-magia-dolomite-pink-24x24-polished-marble-tile.html?_gl=1*1mw7iy7*_up*MQ..&gclid=CjwKCAjw7KvTBhA6EiwAWnutYdXiwVlac1WvFzJd_JN9Wx-wl3U5V_fQ_poAztSBowoMpmXeD5HA3BoCCy4QAvD_BwE&gbraid=0AAAAADn082zMbP3SwiF20OvilaZkMD2ku,TILE BAR 
MARBLE ,RAINA ,ANDRES GREY ,MOSAIC ,https://www.tilebar.com/product/raina-andes-gray-polished-waterjet-marble-mosaic-tile.html,TILE BAR 
NATURAL STONE ,REEF ,CREAM FISH SCALE ,MOSAIC ,https://www.tilebar.com/product/reef-cream-5-fishscale-polished-pearl-terrazzo-mosaic-tile.html,TILE BAR 
CERAMIC ,STACY GARCIA ,ESPRESSO BROWN // FOREST GREEN // HARBOR BLUE ,"6""X6""",https://www.tilebar.com/product/stacy-garcia-radius-ivory-white-6x6-3d-crackled-glossy-ceramic-tile.html,TILE BAR 
MARBLE ,FIERREA,FLAMINGO MULTICOLOR // GOLDFINCH MULTICOLOR ,"11""X24""",https://www.tilebar.com/product/fierra-flamingo-multicolor-11x24-fan-polished-waterjet-marble-mosaic-tile.html,TILE BAR 
MARBLE ,TRES THASSOS,TRES NERO GEM,"12"" x 20.5"" SHEET",https://www.tilebar.com/product/tres-nero-gem-polished-marble-mosaic-tile.html?headerv2=1,TILE BAR 
MARBLE ,GROOVE QUATTRO ,LILAC // NERO DORATO // QUATRO STAGIONO ,"12""X24""",https://www.artistictile.com/products/groove-sgroove?variant=40220176810072,ARTISTIC TILE 
NATURAL STONE ,DUO BY ALLISON ROSE,"NERO / VANILLAY ONYX, NERO / MATCHA, NERO / LILAC","12"" X 12""",https://www.artistictile.com/products/duo-by-alison-rose?variant=40266035429464,ARTISTIC TILE 
NATURAL STONE ,TAPPETI GREEN BLEND MOSAIC,"GREEN BLEND, RED BLEND","12 3/4"" X 13 7/16""",https://www.artistictile.com/products/tappeti-stappetimosaic?variant=39265224622168,ARTISTIC TILE 
NATURAL STONE ,MICHELLE GERSON SLIDE,"MULTI, VIOLA, CLOUD","14.76"" X 16.25""",https://www.artistictile.com/products/michelle-gerson-slide-smichellegersongoslide?variant=42399072551000,ARTISTIC TILE 
PORCELIN ,CANYONLAND TEXTURED TILE,"GREY, BEIGE, WHITE","12"" X 24""",https://www.artistictile.com/products/canyonland-texture-pcanyonlandtextured?variant=42820493508696,ARTISTIC TILE 
PORCELIN ,END CUT MOSAIC,"WENGE, WALNUT, OAK","11 3/4"" X 11 3/4 SHEET (4X4 CHIPS)",https://www.artistictile.com/products/end-cut-pendcut?variant=43999376113752,ARTISTIC TILE 
PORCELIN ,BOIS CHEVRRON TILE,"AVORIO, ECRU, MIELE, TOBACCO","4 5/16"" X 21 1/4""",https://www.artistictile.com/products/bois-chevron-pboischevronfield?variant=40232945451096,ARTISTIC TILE 
PORCELIN ,MATERA TILE,"IVORY, ASH, COAL","24"" X 24""",https://www.artistictile.com/products/matera-pmatera?variant=43135909199960,ARTISTIC TILE 
CERAMIC ,KYOTO TILE,"BRONZE, STEEL","2 1/3"" X 9 1/2""",https://www.artistictile.com/products/kyoto-hkyotofield?variant=33513927770200,ARTISTIC TILE 
TERRAZZO,VERONESE TILE,"VERDE PERLINO, FUMO ROSATO, NERO, CREMA","24"" X 24""",https://www.artistictile.com/products/veronese-yveronese?variant=40009691070552,ARTISTIC TILE 
NATURAL STONE ,PINNACLE FETE DIMENSIONAL TILE,"NERO, PASTEL","24"" X 24""",https://www.artistictile.com/products/pinnacle-fete-spinnaclefete?variant=42407018463320,ARTISTIC TILE 
MARBLE ,DOMINO ,BORDEAUX ROYAL / VERDE INDIA/ TRAVERTINO CHIARO/ SAVANA/ LONDON GREY ,"5"".9 X5.9""",https://petraantiqua.com/en/product/362-domino,PETRA ANTIQUA 
NATURAL STONE ,BARK ,BLAZE/ BIANCO CARRARA,"5"".9 X5.9""",https://petraantiqua.com/en/product/125-bark,PETRA ANTIQUA 
NATURAL STONE ,FUJI,BLUEBElLE/ NEW SMOKE/ ANTELOPE /  COHIBA ,30.5 X 60 CM ,https://petraantiqua.com/en/product/132-fuji,PETRA ANTIQUA 
NATURAL STONE ,BARLOK ,BIANCO CARRERA/ VERTIGO/ NEW SMOKE/ LONDON GREY/ VERDE INDIA/ TRAVERTINO CHIARO ,"30.5x60 cm, 45x90 cm, 60x60 cm",https://petraantiqua.com/en/product/126-barlok,PETRA ANTIQUA 
NATURAL STONE ,BETULLA ,SAHARA ECRU / BLAZE BLUEBELGE / SAVANA/ GOYA/ TRAVERTINO NOCE ,60x60 cm,https://petraantiqua.com/en/product/127-betulla,PETRA ANTIQUA 
NATURAL STONE ,BOUQUET,"BIANCO CARRARA (SILVER/GOLD DECOR )/ BLAZE/ BLUEBELGE, COHIBA, TRAVERTINO CHIARO ",60x60 cm,https://petraantiqua.com/en/product/128-bouquet,PETRA ANTIQUA 
NATURAL STONE ,CHESTERFIEL ,BIANCO CARRARA/ BLAZE/ CALACATTA ROSA/ GRIGIO TOSCANO/ LIBERTY/ TUNDRA ,30.5x60 cm,https://petraantiqua.com/en/product/364-chesterfield,PETRA ANTIQUA 
NATURAL STONE ,COCOON ,BIANCO CARRARA/ BLAZE/ COHIBA/ GOYA/NEW SMOKE/ TRAVERTINO CHIARO/  TRAVERTINO NOCE,60x60 cm,https://petraantiqua.com/en/product/354-cocoon,PETRA ANTIQUA 
NATURAL STONE ,CORFU ,BIANCO CARRARA/ BLAZE/ LONDONGREY/ NEW SMOKE/ TRAVERTINO CHIARO/ TRAVERTINO NOCHE,45x90 cm,https://petraantiqua.com/en/product/168-corfu,PETRA ANTIQUA 
NATURAL STONE ,ECLIPSE ,ANTELOPE/ BIANCO CARRARA/ BLAZE/ BLUEBELGE/ COHIBA/ GOYA/ GRIIGIO TOSCANO/ LONDON GREY/ NEW SMOKE/ SAVANNA/ SHADE/ THASSOS/ TRAVERTINO/ CHIAERO/ VERDE INDIA/ VERTIGO,"30.5x60 cm, 60x60 cm",https://petraantiqua.com/en/product/130-eclipse,PETRA ANTIQUA 
NATURAL STONE ,DOBBY ,ANTELOPE/ BIANCO CARRARA/ BLAZE/ BLUEBELGE/ COHIBA/ GOYA/ GRIIGIO TOSCANO/ LONDON GREY/ NEW SMOKE/ SAVANNA/ SHADE/ THASSOS/ TRAVERTINO/CHIAERO/ CALACATTA ROSA/ VERTIGO,30.5x60 cm,https://petraantiqua.com/en/product/129-dobby,PETRA ANTIQUA 
NATURAL STONE ,GIUNKO,"(SILVER AND GOLD DECOR) antelope, bianco carrara, blaze, bluebelge, cohiba, calacatta, calacatta rosa, goya, grigio toscano, liberty, londongrey, new smoke, sahara écru, savana, shade, thassos, travertino chiaro, travertino noce, vertigo","30.5x60 cm, 60x60 cm",https://petraantiqua.com/en/product/134-giunko,PETRA ANTIQUA 
NATURAL STONE ,IKRAN ,"antelope, bianco carrara, blaze, ceppo di gré, cohiba, goya, grigio toscano, liberty, new smoke, sahara écru, savana, shade, thassos, travertino chiaro, travertino noce, vertigo","30.5x60 cm, 45x90 cm, 60x60 cm",https://petraantiqua.com/en/product/137-ikran,PETRA ANTIQUA 
NATURAL STONE ,IPANEMA,"antelope, bianco carrara, blaze, bluebelge, ceppo di gré, cohiba, goya, grigio toscano, liberty, londongrey, new smoke, sahara écru, savana, shade, thassos, travertino chiaro, travertino noce, verde india, vertigo",30.5x60 cm,https://petraantiqua.com/en/product/138-ipanema,PETRA ANTIQUA 
NATURAL STONE ,IXORA ,"bianco carrara, blaze, goya, new smoke/ decor: rocher, silver",,https://petraantiqua.com/en/product/212-ixora,PETRA ANTIQUA 
NATURAL STONE ,KARIOTA ,"antelope, bianco carrara, blaze, bluebelge, cohiba, calacatta, calacatta rosa, goya, grigio toscano, laguna blu, liberty, londongrey, new smoke, sahara écru, savana, shade, thassos, travertino chiaro, travertino noce, vertigo","30.5x60 cm, 60x60 cm",https://petraantiqua.com/en/product/140-kariota,PETRA ANTIQUA 
NATURAL STONE ,KIRON,"bianco carrara, blaze, bluebelge, goya, londongrey, new smoke, sahara écru, savana, travertino chiaro, travertino noce",60x84.85 cm,https://petraantiqua.com/en/product/175-kiron,PETRA ANTIQUA 
NATURAL STONE ,KOLYN,"bianco carrara, blaze, bluebelge, goya, londongrey, new smoke, sahara écru, savana, travertino chiaro, travertino noce",52x60 cm,https://petraantiqua.com/en/product/176-kolyn,PETRA ANTIQUA 
NATURAL STONE ,KORAX,"antelope, bianco carrara, blaze, bluebelge, cohiba, calacatta, calacatta rosa, goya, grigio toscano, liberty, londongrey, new smoke, sahara écru, savana, shade, thassos, travertino chiaro, travertino noce, verde india, vertigo","30.5x60 cm, 60x60 cm",https://petraantiqua.com/en/product/169-korax,PETRA ANTIQUA 
NATURAL STONE ,KUNAK,"antelope, bianco carrara, blaze, bluebelge, ceppo di gré, cohiba, goya, grigio toscano, liberty, lilac, londongrey, new smoke, sahara écru, savana, shade, thassos, travertino chiaro, travertino noce, vertigo","30.5x60 cm, 60x60 cm",https://petraantiqua.com/en/product/143-kunak,PETRA ANTIQUA 
NATURAL STONE ,KYOTO ,"bianco carrara, blaze, cohiba, goya, new smoke, savana, travertino chiaro, travertino noce",60x60 cm,https://petraantiqua.com/en/product/142-kyoto,PETRA ANTIQUA 
NATURAL STONE ,LOTHO,"bianco carrara, blaze, travertino chiaro, travertino noce","25x25 cm, 50x50 cm",https://petraantiqua.com/en/product/213-lotho,PETRA ANTIQUA 
NATURAL STONE ,LUCK ,"bianco carrara, blaze, cohiba, goya, new smoke, savana, thassos, travertino chiaro, travertino noce","30x60 cm, 60x60 cm",https://petraantiqua.com/en/product/356-luck,PETRA ANTIQUA 
NATURAL STONE ,MALBETH ,"bianco carrara, blaze, cohiba, goya, new smoke, travertino chiaro",60x60 cm,https://petraantiqua.com/en/product/214-malbeth,PETRA ANTIQUA 
NATURAL STONE ,MARDUK ,"antelope, bianco carrara, blaze, bluebelge, cohiba, calacatta, calacatta rosa, goya, grigio toscano, liberty, londongrey, new smoke, sahara écru, savana, shade, thassos, travertino chiaro, travertino noce, vertigo","30.5x60 cm, 60x60 cm",https://petraantiqua.com/en/product/145-marduk,PETRA ANTIQUA 
NATURAL STONE ,MASARI ,"antelope, bianco carrara, blaze, bluebelge, cohiba, goya, grigio toscano, new smoke, sahara écru, savana, travertino chiaro, travertino noce",30x60 cm,https://petraantiqua.com/en/product/170-masari,PETRA ANTIQUA 
NATURAL STONE ,MELVILLE SHAPED ,"bianco carrara, blaze, bluebelge, goya, londongrey, nero marquinia, new smoke, sahara écru, savana",60x84.85 cm,https://petraantiqua.com/en/product/219-melville-shaped,PETRA ANTIQUA 
NATURAL STONE ,MIST,"antelope, bianco carrara, blaze, bluebelge, cohiba, calacatta, calacatta rosa, goya, grigio toscano, liberty, londongrey, new smoke, sahara écru, savana, shade, thassos, travertino chiaro, travertino noce, verde india, vertigo",30.5x60 cm,https://petraantiqua.com/en/product/171-mist,PETRA ANTIQUA 
NATURAL STONE ,MORRIGAN,"antelope, bianco carrara, blaze, bluebelge, ceppo di gré, cohiba, calacatta, calacatta rosa, goya, grigio toscano, liberty, londongrey, new smoke, sahara écru, savana, shade, thassos, travertino chiaro, travertino noce, verde india, vertigo","30.5x60 cm, 60x60 cm",https://petraantiqua.com/en/product/146-morrigan,PETRA ANTIQUA 
NATURAL STONE ,MAIORCA,"bianco carrara, blaze, cohiba, goya, new smoke, savana, travertino chiaro, travertino noce",60x60 cm,https://petraantiqua.com/en/product/144-maiorca,PETRA ANTIQUA 
NATURAL STONE ,TARAS,"bianco carrara, blaze, londongrey, new smoke, travertino chiaro, travertino noce",30.5x90 cm,https://petraantiqua.com/en/product/166-taras,PETRA ANTIQUA 
NATURAL STONE ,DENIM,"bluebelge, sahara écru","30.5x20 cm, 30.5x40 cm, 30.5x60 cm",https://petraantiqua.com/en/product/302-denim,PETRA ANTIQUA 
NATURAL STONE ,VINTAGE,"bianco carrara, bluebelge, goya, grigio toscano, londongrey, new smoke, travertino chiaro, verde india, vertigo","30.5x60 cm, 30.56cm random lengths",https://petraantiqua.com/en/product/287-vintage,PETRA ANTIQUA 
NATURAL STONE ,ALTHEA ,PRUGNA // GOLD // COCOA ,30.5x60cm,https://petraantiqua.com/en/product/43-althea,PETRA ANTIQUA 
NATURAL STONE ,BAJCAL ,CAFFE / NATURALE ,60x60 cm,https://petraantiqua.com/en/product/3-bajcal,PETRA ANTIQUA 
NATURAL STONE ,BALLANTYNE ,ROCHER  // CUOIO // DORATO  // PLATINO ,30.5x60cm,https://petraantiqua.com/en/product/45-ballantyne,PETRA ANTIQUA 
NATURAL STONE ,BANDERA ,COPPER // GOLD // ROCHER // SILVER ,60x60 ccm,https://petraantiqua.com/en/product/4-bandera,PETRA ANTIQUA 
NATURAL STONE ,ALMAZA,"antelope, bianco carrara, blaze, bluebelge, cohiba, calacatta, calacatta rosa, goya, grigio toscano, liberty, londongrey, new smoke, sahara écru, savana, shade, thassos, travertino chiaro, travertino noce, vertigo","30.5x60 cm, 60x60 cm",https://petraantiqua.com/en/product/122-almaza,PETRA ANTIQUA 
NATURAL STONE ,TERRACE ON THE PARK MOSAIC,"Brooklyn Marquina, Chelsea Grey, Empire Beige, Manhattan Sky","9.5"" X 9.5"" sheet",https://www.jeffreycourt.com/product/park-place/terrace-on-the-park-mosaic-95-95/manhattan-sky/,JEFFREY COURT
NATURAL STONE ,GARDEN PARTY MOSAIC,Honed / Polished - Rook,"11.875"" x 11.875"" sheet",https://www.jeffreycourt.com/product/eternal-by-jeffrey-court/garden-party-mosaic-11875-11875/rook/,JEFFREY COURT
NATURAL STONE ,SLEEK MOSAIC,"Sleek A (Tapue/Black), Sleek B (White/Taupe), Sleek C (Grey/Taupe)","12"" x 12"" sheet",https://www.jeffreycourt.com/product/stream-stone/sleek-mosaic-12-12/sleek-a-taupeblack/,JEFFREY COURT
NATURAL STONE ,TRAX MOSAIC,"Honed - Pale, Honed - Shadow, Honed - Suede","12.125"" x 12.625"" sheet",https://www.jeffreycourt.com/product/align/trax-mosaic-12625-12125/pale/,JEFFREY COURT
NATURAL STONE ,JAX MOSAIC,"Honed - Pale w/ Shadow Dot, Honed - Shadow w/ Pale Dot, Honed - Suede w/ Shadow Dot","10.625"" x 11.75"" sheet",https://www.jeffreycourt.com/product/align/jax-mosaic-1175-10625/suede-w-shadow-dot/,JEFFREY COURT
NATURAL STONE ,POINTE SQUARE MOSAIC,Honed - Classic Statuario,"11.625"" x 11.625"" sheet",https://www.jeffreycourt.com/product/classic-statuario/pointe-square-mosaic-11625-11625/classic-statuario/,JEFFREY COURT
NATURAL STONE ,STARLET MOSAIC,Polished - White,"9"" x 9"" sheet",https://www.jeffreycourt.com/product/essentials-by-jeffrey-court/starlet-mosaic-9-9/white/,JEFFREY COURT
NATURAL STONE ,SCOTTISH CHAPEL FIELD TILE,Brushed - Classic Statuario,"6"" x 6""",https://www.jeffreycourt.com/product/classic-statuario/scottish-chapel-field-tile-6-x-6-6-6/classic-statuario/,JEFFREY COURT
NATURAL STONE ,FLORAL IMPRINT FIELD TILE,Brushed - Classic Statuario,"4"" x 6""",https://www.jeffreycourt.com/product/classic-statuario/floral-imprint-field-tile-4-x-6-6-4/classic-statuario/,JEFFREY COURT
NATURAL STONE ,ROMAN SANCTUARY FIELD TILE,Brushed - Classic Statuario,"6"" x 6""",https://www.jeffreycourt.com/product/classic-statuario/roman-sanctuary-field-tile-6-x-6-6-6/classic-statuario/,JEFFREY COURT
PORCELIN ,"FIELD TILE 3"" X 18""","Gloss - Caraway, Gloss - Fennel, Gloss - Poppy, Gloss - Sesame","3"" x 18""",https://www.jeffreycourt.com/product/spec-09/field-tile-3-x-18-175-2875/poppy/,JEFFREY COURT
PORCELIN ,"FIELD TILE 8"" x 48"" CALMING CONTOUR",Cream,"8"" x 48""",https://www.jeffreycourt.com/product/spec-09/field-tile-8-x-48-calming-contour-46875-775/cream/,JEFFREY COURT
TERRA COTTA,FIELD TILE OCTAGON,"Satin - Brunus, Satin - Ignus, Satin - Naturalis","7.625"" x 7.625""",https://www.jeffreycourt.com/product/via/field-tile-octagon-7625-7625-7625/naturalis/,JEFFREY COURT
TERRA COTTA,FIELD TILE 3 x 3,"Satin - Brunus, Satin - Ignus, Satin - Naturalis","3"" x 3""",https://www.jeffreycourt.com/product/via/field-tile-3-x-3-3-3/naturalis/,JEFFREY COURT
TERRA COTTA,SCALLOPED FIELD TILE,"Matte - Catalan, Matte - Provence, Matte - Tuscan","6.25"" x 4.25""",https://www.jeffreycourt.com/product/european-countryside/scallop-field-tile-625-x-425-425-625/tuscan/,JEFFREY COURT
TERRA COTTA,ARABESQUE FIELD TILE,"Matte - Catalan, Matte - Provence, Matte - Tuscan","9.75"" x 9.125""",https://www.jeffreycourt.com/product/european-countryside/arabesque-field-tile-975-x-9125-9125-975/catalan/,JEFFREY COURT
PORCELIN ,RETRO FIELD LARGE,"NERO, CENDRA, BLANC","8-1/4"" x 23-1/2""",https://merolatile.com/product-category/series/retro/,MEROLA
PORCELIN ,RETRO FIELD NARROW,"NERO, BLANC","2-3/4"" X 23-1/2""",https://merolatile.com/product-category/series/retro/,MEROLA
PORCELIN ,RETRO STRATA,"NERO, BLANC","6-7/8"" X 14""",https://merolatile.com/product/retro-strata-blanc-6-7-8-in-x-14-in-porcelain-floor-and-wall-tile/,MEROLA
PORCELIN ,LLAMA FLOWER LOIRE,"NOCE, SILVER SMOKE","8-1/2"" X 9-3/4""",https://merolatile.com/product/llama-flower-loire-noce-8-1-2-in-x-9-3-4-in-porcelain-floor-and-wall-tile/,MEROLA
PORCELIN ,CASSIS HEX FLOWER,BLACK,"8-5/8"" X 9-7/8""",https://merolatile.com/product/cassis-hex-flower-black-8-5-8-in-x-9-7-8-in-porcelain-floor-and-wall-tile/,MEROLA
PORCELIN ,VICTORIAN TIN,"COPPER, IRON, BLACK","17 3/8"" X 17 3/8""",https://merolatile.com/product/victorian-tin-copper-17-3-8-in-x-17-3-8-in-porcelain-wall-tile/,MEROLA
PORCELIN ,PARETE SETOSO,BLUE,"23-1/2"" X 47""",https://merolatile.com/product/parete-setoso-blue-23-1-2-in-x-47-in-porcelain-floor-and-wall-tile/,MEROLA
PORCELIN ,LAVERTON OCTAGON,"DECO MULTICOLOR WITH TACO NATURAL, DECO NATURAL WITH TACO GRAFITO","7-7/8"" x 7-7/8""",https://merolatile.com/product/laverton-octagon-deco-multicolor-with-taco-natural-7-7-8-in-x-7-7-8-in-porcelain-floor-and-wall-tile/,MEROLA
PORCELIN ,KOMI MURLEN,"CREMA, MIEL","7-7/8"" X 7-7/8""",https://merolatile.com/product/komi-murlen-crema-7-7-8-in-x-7-7-8-in-porcelain-floor-and-wall-tile/,MEROLA
PORCELIN ,CALACATTA ARIES,"CALACATTA ARIES POLISHED, MATTE","12X24, 24X24, 24X48, 48X48, 2X2 MOSAIC, 3X24 BULLNOSE TRIM",https://www.daltile.com/products/marble-look/panoramic-duet/calacatta-aries,DALTILE 
PORCELIN ,CALACATTA TOPAZ,"CALACATTA TOPAZ POLISHED, MATTE","12X24, 24X24, 24X48, 48X48, 2X2 MOSAIC, 3X24 BULLNOSE TRIM",https://www.daltile.com/products/marble-look/panoramic-duet/calacatta-topaz,DALTILE 
PORCELIN ,SAND AND STONE,"SUMMIT - SATIN, BASIN - SATIN, TUNDRA - SATIN, DUNE - SATIN",24X48,https://www.daltile.com/products/stone-look/sand-and-stone#numberOfResults=30&f:@finish=[Satin],DALTILE 
PORCELIN ,ARTEFINO VINTAGE FLORET,"PEARL, SAFFRON, ANGELITE, JADE, AMBER",11.73 X 11.75,https://www.daltile.com/products/mosaic/artefino-vintage/angelite-floret-2-glossy#,DALTILE 
PORCELIN ,ARTEFINO VINTAGE PYRAMID,"PEARL, SAFFRON, ANGELITE, JADE, AMBER",11.73 X 11.97,https://www.daltile.com/products/mosaic/artefino-vintage/angelite-pyramid-1-2x6-glossy,DALTILE 
PORCELIN ,RENDERRA LYON,BLACK AND WHITE GALLERY CHECKERED TUMBLED,12X12 SHEET W/ 3X3 CHIPS,https://www.daltile.com/products/natural-stone/renderra-lyon/black-and-white-gallery-checkered-3x3-tumbled,DALTILE 
PORCELIN ,GAMMA,"ILLUSIVE ARCHWAY, ILLUSIVE PATCHWORK",MOSAICS,https://www.daltile.com/products/natural-stone/gamma/illusive,DALTILE 
,,"OVAL, BASKETWEAVE, RANDOM, WEDGE, HIGH-LOW SPLITR FACE, RANDOM BRICK-JOINT",MOSAICS,https://www.daltile.com/products/natural-stone/stone-a-la-mod/urban-bluestone,DALTILE 
