SLAB NAME ,MATERIAL ,ORIGIN COUNTRY ,LINK FOR PHOTO 
AQUA VENATO ,QAURTZITE ,BRAZIL ,https://www.arizonatile.com/products/slab/quartzite/aqua-venato
ARTURO CRYSTAL ,QAURTZITE ,BRAZIL ,https://earthstoneinc.com/product/arturo-blue/
BLUE TAHOE ,QAURTZITE ,BRAZIL ,https://www.arizonatile.com/products/slab/quartzite/blue-tahoe
CALACATTA TAUPE ,QAURTZITE ,BRAZIL ,https://www.arizonatile.com/products/slab/quartzite/calacatta-taupe
MYSTIC JADE ,QAURTZITE ,BRAZIL ,https://www.arizonatile.com/products/slab/quartzite/mystic-jade
 FANTASY LUX,QAURTZITE ,BRAZIL ,https://www.arizonatile.com/products/slab/quartzite/fantasy-lux
ARTEMIS,QAURTZITE ,BRAZIL ,https://www.arizonatile.com/products/slab/quartzite/artemis
GOLD COAST ,QAURTZITE ,BRAZIL ,https://www.arizonatile.com/products/slab/quartzite/gold-coast
NICKEL ,QAURTZITE ,BRAZIL ,https://www.arizonatile.com/products/slab/quartzite/nickel
NEW LOUISE BLUE ,QAURTZITE ,BRAZIL ,https://www.arizonatile.com/products/slab/quartzite/new-louise-blue
OCEAN GREEN ,QAURTZITE ,BRAZIL ,https://www.arizonatile.com/products/slab/quartzite/ocean-green
TAJ MAHAL ,QAURTZITE ,BRAZIL ,https://www.arizonatile.com/products/slab/quartzite/taj-mahal
UTOPIA ,QAURTZITE ,BRAZIL ,https://www.arizonatile.com/products/slab/quartzite/utopia
EBON ,QAURTZITE ,BRAZIL ,https://www.arizonatile.com/products/slab/quartzite/ebon
AVOCATUS SATIN ,GRANITE ,BRAZIL ,https://www.arizonatile.com/products/slab/granite/avocatus-satin
BELVEDERE SATIN ,GRANITE ,NAMIBIA ,https://www.arizonatile.com/products/slab/granite/belvedere-satin
BLIZZARD ,GRANITE ,INDIA ,https://www.arizonatile.com/products/slab/granite/blizzard
DESERT CANYON ,GRANITE ,INDIA ,https://www.arizonatile.com/products/slab/granite/desert-canyon
KALAHARI ,GRANITE ,INDIA ,https://www.arizonatile.com/products/slab/granite/kalahari
NEGRESCO SATIN ,GRANITE ,BRAZIL ,https://www.arizonatile.com/products/slab/granite/negresco-satin
TITANIUM ,GRANITE ,BRAZIL ,https://www.arizonatile.com/products/slab/granite/titanium
VIRIDIAN ,GRANITE ,BRAZIL ,https://www.arizonatile.com/products/slab/granite/viridian
FANTASY BLACK ,MARBLE ,INDIA ,https://www.arizonatile.com/products/slab/marble/fantasy-black
BIANCO CARRARA ,MARBLE ,ITALY ,https://arizonatileslabyard.com/search/customer.aspx#
CALACATTA VIOLA ,MARBLE ,ITALY ,https://arizonatileslabyard.com/search/customer.aspx#
ARABESCATO ,MARBLE ,ITALY ,https://www.arizonatile.com/products/slab/marble/arabescato
BIANCO CARRARA ,MARBLE ,ITALY ,https://www.arizonatile.com/products/slab/marble/bianco-carrara
CREMA VOSSCIONE ,LIMESTONE ,MEXICO,https://www.arizonatile.com/products/slab/limestone/crema-vosscione
RIVIERA ,QAURTZITE ,BRAZIL ,https://www.bedrosians.com/en/product/detail/?itemNo=100009147&queryid=981dd775f4983dfa5ed41d7e1a43a21a
SANDALUS ,QAURTZITE ,BRAZIL ,https://www.bedrosians.com/en/product/detail/sandalus-slab/?itemNo=QTZSANDALSLAB2L&queryid=981dd775f4983dfa5ed41d7e1a43a21a
NACARADO ,QAURTZITE ,BRAZIL ,https://www.bedrosians.com/en/product/detail/nacarado-slab/?itemNo=QTZNACARASLAB2P&queryid=981dd775f4983dfa5ed41d7e1a43a21a
LEBLON ,QAURTZITE ,BRAZIL ,https://www.bedrosians.com/en/product/detail/leblon-quartzite-slab/?itemNo=QTZLEBLONSLAB2P&queryid=981dd775f4983dfa5ed41d7e1a43a21a
CRISTALLO DIAMOND CRYSTAL ,QAURTZITE ,BRAZIL ,https://www.bedrosians.com/en/product/detail/cristallo-slab/?itemNo=100002032&queryid=981dd775f4983dfa5ed41d7e1a43a21a
CRISTALLO VITRIUM ,QAURTZITE ,BRAZIL ,https://www.bedrosians.com/en/product/detail/cristallo-slab/?itemNo=100002882&queryid=981dd775f4983dfa5ed41d7e1a43a21a
ACQUA BELLA ,QAURTZITE ,BRAZIL ,https://www.bedrosians.com/en/product/detail/acqua-bella-slab/?itemNo=100000988&queryid=2685b7fcb5140543135ee245ff8e6410
STELLA MAESTRO ,QAURTZITE ,BRAZIL ,https://www.bedrosians.com/en/product/detail/stella-maestro-slab/?itemNo=100002881&queryid=2685b7fcb5140543135ee245ff8e6410
JADE CRYSTAL ,QAURTZITE ,BRAZIL ,https://www.bedrosians.com/en/product/detail/jade-crystal-slab/?itemNo=100001490&queryid=2685b7fcb5140543135ee245ff8e6410
ACQUA MARE,QAURTZITE ,BRAZIL ,https://www.bedrosians.com/en/product/detail/acqua-mare-slab/?itemNo=100000985&queryid=2685b7fcb5140543135ee245ff8e6410
VITTARA,QAURTZITE ,BRAZIL ,https://www.bedrosians.com/en/product/detail/vittara-slab/?itemNo=100002873&queryid=2685b7fcb5140543135ee245ff8e6410
TEMPEST BLUE ,QAURTZITE ,BRAZIL ,https://www.bedrosians.com/en/product/detail/tempest-blue-slab/?itemNo=100001477&queryid=2685b7fcb5140543135ee245ff8e6410
VERACRUZ ,TRAVERTINE ,MEXICO,https://www.arizonatile.com/products/slab/travertine/veracruz-f-h-veincut
TORREON,TRAVERTINE ,MEXICO,https://www.arizonatile.com/products/slab/travertine/torreon-stone
CANYON ,TRAV/ONYX,MEXICO,https://thestoneindustry.stoneprofitsweb.com/CANYON-TRAVONYX-2cm---Honed/1008/Location?Location=All
RED ,TRAVERTINE ,MEXICO,https://thestoneindustry.stoneprofitsweb.com/Red-Travertine---V-C-1-8cm-Filled---Polished/512/Location
OCEAN BLUE ,TRAVERTINE ,MEXICO,https://thestoneindustry.stoneprofitsweb.com/Ocean-Blue-Travertine---V-C-2cm-Concreto---Brushed---Filled/597/Location
OSSO ,TRAVERTINE ,MEXICO,https://thestoneindustry.stoneprofitsweb.com/Osso-Travertine-2cm-VC---Honed---Cement-Filled/504/Location
TIRAMISU ,TRAV/ONYX,MEXICO,https://thestoneindustry.stoneprofitsweb.com/TIRAMISU-ONYX-2cm---Polished/1007/Location
TITANIUM DARK,TRAVERTINE ,MEXICO,https://thestoneindustry.stoneprofitsweb.com/TITANIUM-DARK-HXJT-TRAVERTINE-1-8cm---Honed-VC-Unfilled/754/Location
TIVOLI ,TRAVERTINE ,MEXICO,https://thestoneindustry.stoneprofitsweb.com/Tivoli-Travertine---V-C-2cm-Unfilled---Honed/527/Location?Location=All
TITANIUM ,TRAVERTINE ,MEXICO,https://thestoneindustry.stoneprofitsweb.com/Titanium-Travertine--V-C-2cm-Polished/413/Location
CORTONA GOLD ,ENGENEERED QUATRZ ,,https://www.arizonatile.com/products/slab/della-terra-quartz/cortona-gold
NEW TAJ ,ENGENEERED QUATRZ ,,https://www.arizonatile.com/products/slab/della-terra-quartz/new-taj
MONTERAL ,ENGENEERED QUATRZ ,,https://www.arizonatile.com/products/slab/della-terra-quartz/montreal
VIOLET LUXE,ENGENEERED QUATRZ ,,https://www.arizonatile.com/products/slab/della-terra-quartz/violet-luxe
ST. ISLEY ,ENGENEERED QUATRZ ,,https://www.cambriausa.com/quartz-countertops/quartz-colors/designs/st-isley
TRAYMORE,ENGENEERED QUATRZ ,,https://www.cambriausa.com/quartz-countertops/quartz-colors/designs/traymore-bay
CLAREMONT,ENGENEERED QUATRZ ,,https://www.cambriausa.com/quartz-countertops/quartz-colors/designs/claremont
REMINGTON STEEL,ENGENEERED QUATRZ ,,https://www.cambriausa.com/quartz-countertops/quartz-colors/designs/remington-steel
EVERLEIGH WARM,ENGENEERED QUATRZ ,,https://www.cambriausa.com/quartz-countertops/quartz-colors/designs/everleigh-warm
SEACOURT ,ENGENEERED QUATRZ ,,https://www.cambriausa.com/quartz-countertops/quartz-colors/designs/seacourt
JARDIN EMERALD ,ENGENEERED QUATRZ ,,https://www.cosentino.com/usa/colors/silestone/jardin-emerald/
RIVIERE ROSE ,ENGENEERED QUATRZ ,,https://www.cosentino.com/usa/colors/silestone/riviere-rose/
PARISIEN BLEU ,ENGENEERED QUATRZ ,,https://www.cosentino.com/usa/colors/silestone/parisien-bleu/
